Gene,Total_Count,Percentage
aph(3'')-Ib,12605,63.46608932077942
aph(6)-Id,12521,63.04314989174764
blaOXA-23,11961,60.2235536982025
tet(B),11694,58.87921051306581
msrE,9755,49.11635869291576
mphE,9625,48.461809576557066
armA,8398,42.283872916771564
sul2,8112,40.84386486078244
sul1,7014,35.31544232415286
aph(3')-Ia,6490,32.677105885907054
blaTEM-12,5202,26.192034640753235
catB8,3200,16.111978248829363
aac(6')-Ib7,2827,14.23392578420019
aac(3)-Ia,2749,13.841196314384977
aph(3')-VIa,2543,12.803987714616586
ant(2'')-Ia,1824,9.183827601832737
blaOXA-24,1622,8.166758974875384
blaOXA-72,1449,7.295705150798046
bleO,945,4.758068576607421
blaNDM-1,917,4.617088766930165
aac(6')-Ian,903,4.546598862091536
aadA2,843,4.244499269925986
aac(6')-Iaf,705,3.549670207945219
catI,628,3.1619757313327628
cmlB1,575,2.8951210915865264
aph(3')-VI,508,2.5577765470016613
cmlA5,457,2.3009918936609437
arr-2,419,2.109662151956095
tet(39),409,2.059312219928503
aac(3)-IIe,403,2.029102260711948
catB3,398,2.003927294698152
floR,383,1.9284023966567647
aadA5,372,1.8730174714264136
tet(A),328,1.6514777705050099
dfrA1,322,1.6212678112884547
dfrA19,308,1.5507779064498264
sat-1,300,1.510497960827753
