Gene_Family,Type,Count
TEM,TEM-12,5189
TEM,TEM-1,193
TEM,TEM-150,90
TEM,TEM-116,26
TEM,Combination,16
TEM,TEM-122,4
TEM,TEM-115,3
TEM,TEM-84,2
TEM,TEM-2,1
TEM,TEM-191,1
TEM,TEM-110,1
ADC,ADC-30,5820
ADC,ADC-73,5089
ADC,ADC-79,1076
ADC,ADC-6,1070
ADC,ADC-25,986
ADC,ADC-2,801
ADC,ADC-76,532
ADC,ADC-56,501
ADC,ADC-5,491
ADC,ADC-11,350
ADC,ADC-3,205
ADC,ADC-58,195
ADC,Combination,155
ADC,ADC-74,133
ADC,ADC-68,94
ADC,ADC-10,86
ADC,ADC-82,81
ADC,ADC-75,67
ADC,ADC-7,45
ADC,ADC-81,39
ADC,ADC-77,36
ADC,ADC-4,29
ADC,ADC-1,15
ADC,ADC-41,11
ADC,ADC-61,7
ADC,ADC-78,5
ADC,ADC-31,3
ADC,ADC-39,3
ADC,ADC-19,2
ADC,ADC-21,1
ADC,ADC-15,1
OXA,Combination,15707
OXA,OXA-66,437
OXA,OXA-71,221
OXA,OXA-430,218
OXA,OXA-64,208
OXA,OXA-120,197
OXA,OXA-69,192
OXA,OXA-51,159
OXA,OXA-115,138
OXA,OXA-343,118
OXA,OXA-68,113
OXA,OXA-106,108
OXA,OXA-217,107
OXA,OXA-100,92
OXA,OXA-91,88
OXA,OXA-259,84
OXA,OXA-203,68
OXA,OXA-98,64
OXA,OXA-94,63
OXA,OXA-121,61
OXA,OXA-126,59
OXA,OXA-180,51
OXA,OXA-67,51
OXA,OXA-109,50
OXA,OXA-113,47
OXA,OXA-234,47
OXA,OXA-70,44
OXA,OXA-208,43
OXA,OXA-65,40
OXA,OXA-88,39
OXA,OXA-374,39
OXA,OXA-80,38
OXA,OXA-407,37
OXA,OXA-90,32
OXA,OXA-314,32
OXA,OXA-219,32
OXA,OXA-172,29
OXA,OXA-132,27
OXA,OXA-429,27
OXA,OXA-402,25
OXA,OXA-200,24
OXA,OXA-340,23
OXA,OXA-78,23
OXA,OXA-83,23
OXA,OXA-95,22
OXA,OXA-413,21
OXA,OXA-441,20
OXA,OXA-89,19
OXA,OXA-431,18
OXA,OXA-261,17
OXA,OXA-411,15
OXA,OXA-385,15
OXA,OXA-378,14
OXA,OXA-242,14
OXA,OXA-383,14
OXA,OXA-131,12
OXA,OXA-317,12
OXA,OXA-23,12
OXA,OXA-122,12
OXA,OXA-408,11
OXA,OXA-223,10
OXA,OXA-377,10
OXA,OXA-432,10
OXA,OXA-344,10
OXA,OXA-93,9
OXA,OXA-202,9
OXA,OXA-206,9
OXA,OXA-72,9
OXA,OXA-365,9
OXA,OXA-424,8
OXA,OXA-99,7
OXA,OXA-201,7
OXA,OXA-380,6
OXA,OXA-376,6
OXA,OXA-346,6
OXA,OXA-342,6
OXA,OXA-337,6
OXA,OXA-312,6
OXA,OXA-391,6
OXA,OXA-375,5
OXA,OXA-241,5
OXA,OXA-379,5
OXA,OXA-263,5
OXA,OXA-338,5
OXA,OXA-111,5
OXA,OXA-345,5
OXA,OXA-123,5
OXA,OXA-262,5
OXA,OXA-130,5
OXA,OXA-179,5
OXA,OXA-341,5
OXA,OXA-79,4
OXA,OXA-75,4
OXA,OXA-339,4
OXA,OXA-425,4
OXA,OXA-150,4
OXA,OXA-128,3
OXA,OXA-148,2
OXA,OXA-107,2
OXA,OXA-127,2
OXA,OXA-412,2
OXA,OXA-401,2
OXA,OXA-433,2
OXA,OXA-125,2
OXA,OXA-144,2
OXA,OXA-390,2
OXA,OXA-389,2
OXA,OXA-254,1
OXA,OXA-426,1
OXA,OXA-260,1
OXA,OXA-387,1
OXA,OXA-316,1
OXA,OXA-384,1
OXA,OXA-381,1
OXA,OXA-400,1
OXA,OXA-409,1
OXA,OXA-406,1
OXA,OXA-386,1
OXA,OXA-388,1
OXA,OXA-24,1
OXA,OXA-382,1
OXA,OXA-414,1
OXA,OXA-76,1
OXA,OXA-250,1
OXA,OXA-442,1
OXA,OXA-371,1
OXA,OXA-336,1
NDM,NDM-1,917
NDM,NDM-5,39
NDM,NDM-2,8
NDM,NDM-9,2
NDM,NDM-6,1
NDM,NDM-4,1
CARB,CARB-3,213
CARB,CARB-16,163
CARB,CARB-14,105
CARB,CARB-10,5
CARB,Combination,4
CARB,CARB-4,1
