ST,≤2000,2001,2002,2003,2004,2005,2006,2007,2008,2009,2010,2011,2012,2013,2014,2015,2016,2017,2018,2019,2020,2021,2022,2023,2024,2025,2026
ST1,21,1,8,9,5,3,11,12,24,20,24,19,9,12,20,13,36,37,59,57,63,40,26,26,9,5,0
ST10,10,2,0,3,1,1,1,4,3,3,6,12,6,11,11,5,7,3,10,17,5,14,6,5,5,2,0
ST108,0,0,0,0,0,0,0,0,0,0,2,0,1,1,0,2,1,3,3,5,2,6,17,13,15,10,0
ST1091,0,0,0,0,0,0,0,0,0,0,0,0,0,0,0,0,0,1,1,8,7,10,7,33,24,24,0
ST15,2,1,0,4,0,0,0,1,0,1,5,7,8,5,10,5,15,4,8,6,12,7,3,5,2,7,0
ST156,0,0,0,0,0,0,0,0,0,1,0,5,2,6,4,9,4,3,3,4,0,8,11,8,6,3,0
ST16,0,0,0,0,0,0,0,0,0,2,0,1,1,1,1,2,10,5,7,20,8,7,11,18,12,20,0
ST164,0,0,0,0,0,0,0,1,0,0,0,0,0,0,1,4,23,8,14,32,23,14,21,15,7,6,0
ST19,0,0,0,15,6,1,6,0,3,1,0,1,0,0,1,3,2,1,2,4,4,3,13,9,5,1,0
ST2,38,19,31,21,45,38,49,130,93,119,142,185,229,283,414,416,452,421,859,891,843,1309,1088,1251,1139,1184,17
ST25,4,0,0,2,2,3,3,3,1,2,3,6,4,11,9,15,42,20,9,37,14,15,17,14,6,2,0
ST3,2,0,1,12,22,4,9,8,4,5,1,2,0,9,11,19,9,0,2,4,5,1,2,1,1,0,0
ST40,1,0,0,1,0,1,1,0,0,0,6,1,4,3,1,2,5,5,12,17,17,38,4,5,1,1,0
ST406,0,0,0,0,0,2,3,2,3,2,1,0,0,1,1,1,0,8,7,15,2,12,17,48,68,63,1
ST499,2,1,0,0,0,0,0,0,0,1,1,1,2,0,2,0,0,9,41,56,49,96,123,167,363,379,3
ST636,0,0,0,0,0,0,0,0,0,0,1,0,0,1,1,3,8,13,17,12,8,16,17,14,3,1,0
ST78,0,0,0,0,0,1,2,2,0,1,0,1,8,3,3,5,8,11,14,16,9,9,42,21,10,2,0
ST79,0,0,0,1,0,2,0,12,9,6,5,4,9,4,11,8,18,8,5,18,21,13,7,7,9,4,0
ST85,0,0,0,0,0,0,0,0,1,0,0,0,3,4,2,8,2,4,4,5,6,10,12,9,2,3,0
others,47,3,5,24,21,29,45,30,29,37,74,98,89,169,129,163,243,229,341,483,289,415,429,298,204,147,0
